observation_time,air_temperature_c,dewpoint_temperature_c,wind_u_10m,wind_v_10m,precipitation_m,solar_radiation_jm2,evaporation_m,relative_humidity_pct
2023-01-01 12:00:00,16.701874,5.936157,-0.05680847,5.5925293,0.0,1.55104e+06,-0.00019572629,49.012276
2023-01-02 12:00:00,12.1857605,8.749786,-0.42211914,-1.3600464,0.0,1.415616e+06,-0.00016358565,79.530396
2023-01-03 12:00:00,10.190216,5.4599304,-0.9940033,-2.0581512,0.0,1.671296e+06,-0.0001328548,72.47001
2023-01-04 12:00:00,12.135986,8.853577,-1.9661865,-1.4850616,0.0,1.432768e+06,-0.00011657155,80.35248
2023-01-05 12:00:00,13.458588,9.959198,-0.6197357,-0.9127197,0.0,1.650688e+06,-0.00013494818,79.37466
2023-01-06 12:00:00,13.018311,8.541473,-0.12484741,-0.23977661,0.0,1.643008e+06,-0.00012909505,74.25333
2023-01-07 12:00:00,13.91864,10.861847,3.3400574,5.3930664,8.392334e-05,947200.0,-9.850832e-05,81.8159
2023-01-08 12:00:00,15.737488,13.535431,4.946594,3.3771667,7.677078e-05,679808.0,-0.00013580569,86.75629
2023-01-09 12:00:00,16.079834,13.137665,2.8898773,-1.7186279,9.536743e-07,1.30144e+06,-0.00016846135,82.70752
2023-01-10 12:00:00,11.962341,10.747467,1.146698,0.36387634,1.1920929e-05,876160.0,-7.634726e-05,92.27355
2023-01-11 12:00:00,14.205841,12.5035095,3.138092,0.14720154,3.9577484e-05,602752.0,-7.586717e-05,89.50041
2023-01-12 12:00:00,12.2447815,9.378601,-1.9368896,-1.0134888,0.0,1.507584e+06,-0.00011725561,82.65207
2023-01-13 12:00:00,10.098602,8.522491,-1.1549835,-0.9183502,0.0,1.398016e+06,-9.7705284e-05,89.94063
2023-01-14 12:00:00,9.827362,5.228546,-0.07481384,-0.4605713,0.0,1.529344e+06,-0.00013327971,73.06728
2023-01-15 12:00:00,11.989807,9.94046,3.3770294,-1.1595764,0.00012779236,644800.0,-5.864282e-05,87.27864
2023-01-16 12:00:00,12.301758,8.181427,5.475357,0.60289,2.1457672e-05,863040.0,-7.9178484e-05,75.94626
2023-01-17 12:00:00,12.483673,5.95224,6.505539,-1.510498,2.3841858e-06,781120.0,-0.000150576,64.42023
2023-01-18 12:00:00,9.716095,1.7483826,4.8697357,-2.9455261,0.0,1.741632e+06,-0.00015121419,57.601006
2023-01-19 12:00:00,9.875427,4.682678,3.1440582,-1.3715363,0.0,1.690688e+06,-0.00012329244,70.11535
2023-01-20 12:00:00,14.655914,10.804657,3.308075,-3.2933807,3.8146973e-05,1.05056e+06,-0.00010689371,77.70945
2023-01-21 12:00:00,14.994354,9.586334,0.13900757,-4.303406,2.3841858e-06,1.312896e+06,-0.00013784575,70.090935
2023-01-22 12:00:00,10.1137085,-4.037323,-2.9740295,-2.1638947,0.0,1.86976e+06,-0.00018121023,36.719505
2023-01-23 12:00:00,8.947784,-2.8596497,-1.3286896,-2.2209778,0.0,1.90336e+06,-0.00014984491,43.357502
2023-01-24 12:00:00,8.467926,-2.3295593,-4.8442535,-3.2748413,0.0,1.854272e+06,-0.00014510378,46.580807
2023-01-25 12:00:00,8.191559,-1.3094177,-2.8873749,-2.9149628,0.0,1.88288e+06,-0.00013428554,51.163395
2023-01-26 12:00:00,7.785492,0.6012268,1.306366,-1.6839142,0.0,1.576128e+06,-9.926339e-05,60.43643
2023-01-27 12:00:00,9.027985,1.453186,-0.34291077,-1.6662445,0.0,1.890368e+06,-0.00012592576,59.067226
2023-01-28 12:00:00,9.160553,-1.4564514,-1.068039,-3.2316132,0.0,1.926784e+06,-0.00013597216,47.40507
2023-01-29 12:00:00,9.208313,-1.4842224,-3.4229126,-1.6035004,0.0,1.934016e+06,-0.00013891002,47.15664
2023-01-30 12:00:00,9.895569,0.99887085,-2.7275543,-1.1095886,0.0,1.926592e+06,-0.00013057492,53.934486
2023-01-31 12:00:00,11.350739,0.12582397,-1.3919373,-1.519989,0.0,2.006144e+06,-0.00015155552,45.96475
2023-02-01 12:00:00,11.476593,0.6920471,-1.6277161,-1.1457825,0.0,2.007296e+06,-0.00014940696,47.487785
2023-02-02 12:00:00,12.478027,1.4456787,-0.5991974,-0.22901917,0.0,2.012928e+06,-0.00015238696,46.93135
2023-02-03 12:00:00,14.158844,3.1408997,-1.4450531,-1.2371521,0.0,2.039488e+06,-0.00016298098,47.45488
2023-02-04 12:00:00,14.764862,0.6928406,-2.0271454,-1.5728455,0.0,2.08384e+06,-0.00017352379,38.31578
2023-02-05 12:00:00,15.874176,2.2397766,-2.6308746,-1.3322296,0.0,2.089536e+06,-0.0001746118,39.865627
2023-02-06 12:00:00,14.2951355,2.205597,0.43940735,-0.87449646,0.0,2.096448e+06,-0.00015583355,44.018013
2023-02-07 12:00:00,9.978363,5.498871,-3.5194244,-1.4083862,0.000248909,1.35296e+06,-0.00019609393,73.70252
2023-02-08 12:00:00,11.348846,6.1834717,-4.416031,0.65715027,1.3828278e-05,1.234432e+06,-0.00014008651,70.53952
2023-02-09 12:00:00,14.370728,6.849823,-3.144989,-0.8488312,1.6212463e-05,2.071744e+06,-0.0001832433,60.60195
2023-02-10 12:00:00,11.932312,2.624054,-5.2459717,-0.81144714,0.0,1.949184e+06,-0.00014869007,52.910835
2023-02-11 12:00:00,12.023956,1.1199646,-4.8282623,0.05671692,0.0,1.714944e+06,-0.00013783388,47.236034
2023-02-12 12:00:00,13.058838,4.268524,-2.7495422,-0.35035706,0.0,1.319168e+06,-0.0001225227,55.182884
2023-02-13 12:00:00,15.273773,4.887451,-3.3076477,-0.07043457,0.0,2.122048e+06,-0.0001725757,49.92248
2023-02-14 12:00:00,15.972382,5.711151,-2.5934143,1.2659454,0.0,2.18272e+06,-0.00018076389,50.549656
2023-02-15 12:00:00,16.05899,5.8415833,-3.7570343,-0.96336365,0.0,2.039104e+06,-0.00016501988,50.726707
2023-02-16 12:00:00,15.751007,6.252533,-3.2839508,-2.521408,0.0,2.19808e+06,-0.00016735354,53.223507
2023-02-17 12:00:00,15.526428,4.639618,-4.9565125,-2.057312,0.0,2.220032e+06,-0.00017888169,48.27817
2023-02-18 12:00:00,17.870026,7.207123,-2.6950226,-1.0406647,0.0,2.139264e+06,-0.00018723868,49.68059
2023-02-19 12:00:00,15.922699,7.3758545,-3.148758,-0.19070435,0.0,1.702784e+06,-0.00014661276,56.860775
2023-02-20 12:00:00,16.866516,6.480438,-1.6552734,0.62976074,9.536743e-07,1.528448e+06,-0.00014102901,50.357758
2023-02-21 12:00:00,16.60379,10.187592,1.8882904,-0.24536133,2.9087067e-05,1.739072e+06,-0.00013624574,65.83499
2023-02-22 12:00:00,13.748932,8.070587,1.3061066,-0.64060974,0.0,2.181376e+06,-0.00014565932,68.57695
2023-02-23 12:00:00,11.590668,0.10366821,3.0879822,-3.5495605,0.0,2.402304e+06,-0.00015100325,45.16864
2023-02-24 12:00:00,10.554077,0.46694946,0.6025543,-0.33171082,0.0,2.433472e+06,-0.00014711823,49.672462
2023-02-25 12:00:00,9.898102,2.1217957,3.1920319,-1.0273285,9.536743e-07,1.718976e+06,-0.00013057748,58.439873
2023-02-26 12:00:00,11.406097,6.260132,1.0319214,-2.8974762,3.33786e-05,1.69472e+06,-0.00015397323,70.645164
2023-02-27 12:00:00,10.532196,-0.9442444,0.39250183,-1.3905945,0.0,2.310208e+06,-0.00015501701,44.89686
2023-02-28 12:00:00,10.656372,-3.726532,-0.2756195,-0.74972534,0.0,2.367424e+06,-0.00015664892,36.2482
2023-03-01 12:00:00,9.735382,-2.250122,-0.2768097,-1.9851379,0.0,2.557376e+06,-0.00014835899,43.01979
2023-03-02 12:00:00,11.708557,-2.2897644,-0.72306824,-1.0349121,0.0,2.586432e+06,-0.00014043995,37.617638
2023-03-03 12:00:00,13.49411,-1.3368835,0.25115967,-0.7822418,0.0,2.53312e+06,-0.00014618342,35.89439
2023-03-04 12:00:00,15.260529,1.0137634,-0.44096375,1.1520996,0.0,2.5008e+06,-0.00018324936,37.981068
2023-03-05 12:00:00,10.18692,6.5469666,-0.44041443,2.1017609,0.0004606247,749568.0,-0.00014672219,78.13743
2023-03-06 12:00:00,13.930817,10.33255,0.17910767,3.7605133,7.200241e-05,1.25408e+06,-0.00015243399,78.92028
2023-03-07 12:00:00,15.899933,9.740814,3.6665344,0.57118225,1.001358e-05,1.292608e+06,-0.00014301739,66.826416
2023-03-08 12:00:00,16.520905,12.085297,5.07782,3.1671753,1.4305115e-05,1.398912e+06,-0.000148369,75.05688
2023-03-09 12:00:00,17.93399,15.21579,6.0016937,2.5157318,0.0001373291,1.215616e+06,-0.0001511604,84.134026
2023-03-10 12:00:00,17.528961,11.401886,1.8639221,-0.05076599,0.0,2.022656e+06,-0.000177762,67.309654
2023-03-11 12:00:00,18.048492,13.209656,2.9327393,-2.10141,4.7683716e-07,1.271808e+06,-0.00012028194,73.358574
2023-03-12 12:00:00,18.291168,12.695404,-0.39500427,-1.297699,0.0,2.527424e+06,-0.00020037754,69.86113
2023-03-13 12:00:00,17.469147,11.72757,4.6129,-0.042495728,2.3841858e-06,2.265536e+06,-0.00017417851,69.03404
2023-03-14 12:00:00,16.010162,6.8423767,1.4146271,-2.0600433,0.0,2.73664e+06,-0.00019960199,54.516388
2023-03-15 12:00:00,21.446747,5.88443,-1.8945618,-0.13485718,0.0,2.768256e+06,-0.00024625543,36.32972
2023-03-16 12:00:00,21.174774,5.5524597,0.3564148,3.068634,0.0,2.274112e+06,-0.00020449213,36.10125
2023-03-17 12:00:00,16.54898,8.816711,3.7368011,2.1164093,9.536743e-07,2.152448e+06,-0.0001761925,60.25346
2023-03-18 12:00:00,15.134735,7.3580017,2.2510376,-2.7338715,5.00679e-05,1.498752e+06,-0.00012792065,59.732185
2023-03-19 12:00:00,18.640717,7.523102,-2.5196838,-1.7300568,0.0,2.83104e+06,-0.00021514879,48.368435
2023-03-20 12:00:00,21.275055,6.503479,0.6388397,0.3105774,0.0,2.827584e+06,-0.00023528491,38.31516
2023-03-21 12:00:00,21.407135,7.676819,1.4260712,0.12036133,0.0,2.861568e+06,-0.00022646738,41.185467
2023-03-22 12:00:00,20.656403,7.344818,1.737503,-0.04421997,0.0,2.922432e+06,-0.00021610642,42.163162
2023-03-23 12:00:00,20.98944,7.169464,2.846817,2.3369293,0.0,2.758528e+06,-0.00020011794,40.815697
2023-03-24 12:00:00,17.819366,11.555145,3.5007782,-0.22872925,6.771088e-05,1.383872e+06,-0.00011757598,66.76217
2023-03-25 12:00:00,20.847687,7.60318,1.0721741,-0.6851959,0.0,2.88672e+06,-0.00021554902,42.41094
2023-03-26 12:00:00,18.524017,10.249512,2.2264862,-1.9047394,1.9073486e-06,1.9536e+06,-0.00012653926,58.566933
2023-03-27 12:00:00,20.008453,3.1394043,-1.3175201,-1.7340088,0.0,2.072512e+06,-0.00015823985,32.763317
2023-03-28 12:00:00,25.026062,2.6595764,-0.16438293,0.10983276,0.0,2.996224e+06,-0.00022283196,23.348215
2023-03-29 12:00:00,25.109283,6.1362305,1.4177704,0.9217224,0.0,3.017024e+06,-0.00021102373,29.630783
2023-03-30 12:00:00,21.068512,10.20517,2.4069977,0.3146057,0.0,2.980864e+06,-0.00017698924,49.870544
2023-03-31 12:00:00,18.21939,12.647278,3.8843231,-0.32289124,5.340576e-05,"1096000000,000",-9.5717376e-05,69.955536
2023-04-01 12:00:00,19.954498,10.668671,3.616867,-3.2587433,4.7683716e-06,2.881984e+06,-0.00016562268,55.09362
2023-04-02 12:00:00,19.797516,4.0998535,-0.74516296,-2.213913,0.0,3.127808e+06,-0.000206911,35.516598
2023-04-03 12:00:00,21.858551,-0.38464355,-0.13143921,-0.792984,0.0,3.106688e+06,-0.00022026687,22.711594
2023-04-04 12:00:00,23.275116,2.1020203,-1.8379517,-0.6652069,0.0,3.097728e+06,-0.00020405301,24.926437
2023-04-05 12:00:00,23.27353,-0.90371704,-3.1921997,-2.527542,0.0,3.2304e+06,-0.00019326457,20.067762
2023-04-06 12:00:00,24.952179,0.10543823,-1.3699036,-1.0215607,0.0,3.190016e+06,-0.00019436586,19.526785
2023-04-07 12:00:00,24.46231,0.8215027,0.29994202,-0.29963684,0.0,3.206144e+06,-0.00018184376,21.174313
2023-04-08 12:00:00,26.13028,-1.0629272,-0.38833618,0.67829895,0.0,3.2256e+06,-0.00018111989,16.722662
2023-04-09 12:00:00,26.170807,6.752777,1.142456,-0.45726013,0.0,3.174272e+06,-0.00017259247,29.027855
2023-04-10 12:00:00,24.012115,3.6561584,2.1755676,-2.1506042,0.0,3.264512e+06,-0.00015592226,26.618898
2023-04-11 12:00:00,23.553375,10.249847,1.8851624,-1.1148529,0.0,3.1872e+06,-0.00016009761,43.001713
2023-04-12 12:00:00,19.44107,8.357025,4.431259,-1.8459625,0.0,2.715904e+06,-0.00011832174,48.698257
2023-04-13 12:00:00,16.954254,0.112213135,1.4467926,-3.7606049,0.0,3.279616e+06,-0.0001409608,31.94373
2023-04-14 12:00:00,19.771393,8.126678,2.615387,-2.9843597,0.0,3.16832e+06,-0.00014553661,46.969803
2023-04-15 12:00:00,23.988678,3.6871643,-0.25131226,-4.290039,0.0,3.265792e+06,-0.00016689021,26.714628
2023-04-16 12:00:00,26.090729,4.9892273,-3.5783386,-2.518631,0.0,3.283584e+06,-0.00016218424,25.817686
2023-04-17 12:00:00,27.512115,-1.7236633,-4.142288,-2.4905396,0.0,3.34912e+06,-0.00016195513,14.6877575
2023-04-18 12:00:00,27.084625,1.3358154,-0.41108704,-0.98535156,0.0,3.335936e+06,-0.00017210026,18.808414
2023-04-19 12:00:00,25.9794,6.382904,0.9598236,-0.6334381,0.0,3.305728e+06,-0.00014974782,28.62118
2023-04-20 12:00:00,24.2753,5.559845,2.038025,-0.10342407,0.0,3.302848e+06,-0.00013829372,29.928001
2023-04-21 12:00:00,21.816803,7.7774963,3.1078186,3.9375763,0.0,3.143104e+06,-0.000119969016,40.442814
2023-04-22 12:00:00,19.73941,6.1089478,1.5992279,-2.2799377,0.0,3.011712e+06,-0.00017272634,40.99176
2023-04-23 12:00:00,22.631256,6.9563904,0.90475464,-1.9026489,0.0,3.326656e+06,-0.00019801874,36.38708
2023-04-24 12:00:00,25.620026,8.292145,0.09927368,-2.0509338,0.0,3.302528e+06,-0.00020044879,33.31168
2023-04-25 12:00:00,27.612213,5.2118225,1.4295807,-1.4139252,0.0,3.359616e+06,-0.00020410307,23.97642
2023-04-26 12:00:00,30.141754,4.2779846,0.94114685,-0.24369812,0.0,3.383296e+06,-0.000197432,19.401855
2023-04-27 12:00:00,33.069733,4.2693787,1.7233734,2.5173187,0.0,3.32544e+06,-0.0001770407,16.419756
2023-04-28 12:00:00,30.409088,8.421112,2.2638092,1.382782,0.0,3.02656e+06,-0.0001308585,25.416765
2023-04-29 12:00:00,25.154205,13.172272,3.8416595,-1.8045502,9.536743e-07,3.198528e+06,-0.00011681602,47.381527
2023-04-30 12:00:00,24.930573,13.048492,-0.088653564,-2.0673828,0.0,2.726464e+06,-0.000111687696,47.630844
2023-05-01 12:00:00,28.748688,6.930603,-0.56411743,-1.1255951,0.0,3.401792e+06,-0.00016049249,25.267918
2023-05-02 12:00:00,31.163483,9.00238,0.2353363,1.5427094,0.0,3.2656e+06,-0.00014721067,25.32007
2023-05-03 12:00:00,28.278473,6.242096,2.0240784,5.901169,0.0,2.647936e+06,-9.125448e-05,24.76719
2023-05-04 12:00:00,23.540192,8.010162,2.6522827,-0.46896362,0.0,3.318528e+06,-0.00010324316,37.008965
2023-05-05 12:00:00,24.884918,5.959381,1.1950836,-1.4662933,0.0,3.446976e+06,-0.00012209243,29.665407
2023-05-06 12:00:00,24.827057,10.232697,3.5890656,-1.3485413,0.0,3.175488e+06,-0.00010909699,39.793114
2023-05-07 12:00:00,25.93985,10.698639,0.923996,-1.5355682,0.0,3.393216e+06,-0.00014440482,38.420574
2023-05-08 12:00:00,29.474274,8.077362,1.1894531,-1.4756165,0.0,3.310848e+06,-0.00016127294,26.201767
2023-05-09 12:00:00,26.542633,12.511139,2.2871246,-4.176697,0.0,3.275328e+06,-0.00012848899,41.792595
2023-05-10 12:00:00,26.235016,1.9723206,1.3198853,-3.1141815,0.0,3.505408e+06,-0.0001482924,20.694647
2023-05-11 12:00:00,26.032623,3.4154663,-1.2032166,-3.623932,0.0,3.48736e+06,-0.00015381468,23.201454
2023-05-12 12:00:00,24.477203,2.8280945,1.569458,-3.0802917,0.0,3.492288e+06,-0.00014238711,24.416395
2023-05-13 12:00:00,22.295563,1.9030457,-1.9344635,-3.4003906,0.0,3.505472e+06,-0.00013778987,26.0786
2023-05-14 12:00:00,24.856842,2.405182,0.16145325,-2.2362518,0.0,3.528896e+06,-0.0001461918,23.16273
2023-05-15 12:00:00,25.829987,6.630768,2.169342,-2.3856049,0.0,3.456256e+06,-0.00014829123,29.372099
2023-05-16 12:00:00,25.62564,0.31411743,-3.3992157,-1.9060516,0.0,3.532032e+06,-0.00015279395,19.045433
2023-05-17 12:00:00,24.012848,0.66934204,-2.083023,-1.8997192,0.0,2.747904e+06,-0.00012179278,21.515482
2023-05-18 12:00:00,23.825348,2.1678772,-2.3591614,-3.635315,0.0,3.56992e+06,-0.00013614492,24.22677
2023-05-19 12:00:00,22.963531,2.7269897,-1.607666,-1.9229279,0.0,3.060928e+06,-0.00012817816,26.554647
2023-05-20 12:00:00,23.145416,3.7374573,-0.043792725,-0.9708557,4.7683716e-07,2.881984e+06,-0.00013747392,28.206959
2023-05-21 12:00:00,22.301666,6.77359,-2.1627197,-2.150299,3.0517578e-05,3.046784e+06,-0.00015626173,36.660625
2023-05-22 12:00:00,22.052155,8.612457,-1.9958038,-0.8384857,4.386902e-05,2.850176e+06,-0.00018067798,42.190495
2023-05-23 12:00:00,22.499664,12.106354,-2.1276398,-2.6826935,1.4305115e-05,2.89344e+06,-0.00020187744,51.83441
2023-05-24 12:00:00,23.052155,10.903229,-1.7848053,-0.8364563,7.43866e-05,2.73856e+06,-0.00023054681,46.294304
2023-05-25 12:00:00,26.893951,10.244049,0.3985901,-1.3714447,1.9073486e-06,3.04992e+06,-0.00024428265,35.233765
2023-05-26 12:00:00,23.190582,12.315582,-0.5389099,4.8998413,2.670288e-05,2.722368e+06,-0.00017741625,50.397713
2023-05-27 12:00:00,19.030426,14.319733,-1.7929535,-1.3628082,0.0003490448,1.526144e+06,-0.0002375415,74.14258
2023-05-28 12:00:00,20.478424,14.223053,2.7740936,-0.9404144,0.00011444092,1.604288e+06,-0.00018754345,67.35119
2023-05-29 12:00:00,21.127838,10.631256,3.16214,-1.1061707,1.4305115e-06,1.97184e+06,-0.00019643758,51.121204
2023-05-30 12:00:00,20.185211,11.01944,3.211792,-1.7247009,0.00016021729,1.793728e+06,-0.00021834602,55.59365
2023-05-31 12:00:00,23.927887,9.436737,1.4755859,-0.04612732,0.0,3.495424e+06,-0.0002824068,39.814636
2023-06-01 12:00:00,26.362701,9.510651,-0.44250488,2.0041351,2.861023e-06,2.588672e+06,-0.00022382056,34.61148
2023-06-02 12:00:00,26.10147,9.70108,1.0311127,0.8544922,9.536743e-06,3.304384e+06,-0.00026241085,35.601864
2023-06-03 12:00:00,25.510895,11.714996,-0.7243347,-0.91230774,1.335144e-05,3.137472e+06,-0.00026127952,42.15619
2023-06-04 12:00:00,27.079987,11.916901,0.6637726,0.64430237,2.527237e-05,2.519104e+06,-0.00021126308,38.940765
2023-06-05 12:00:00,27.388336,13.4930725,0.06842041,1.5319672,2.861023e-05,2.907648e+06,-0.00023955945,42.4017
2023-06-06 12:00:00,31.22696,11.754303,-2.947998,1.8588257,0.0,3.394944e+06,-0.0002373932,30.31197
2023-06-07 12:00:00,24.831451,16.191803,1.7021484,5.336273,1.4305115e-05,2.104448e+06,-0.0001818114,58.686977
2023-06-08 12:00:00,22.010895,16.068268,-0.63586426,5.4711304,3.9577484e-05,1.099712e+06,-0.00012398255,69.027916
2023-06-09 12:00:00,22.042633,16.226227,2.6024933,3.5723114,0.00020503998,1.950656e+06,-0.00020604301,69.59189
2023-06-10 12:00:00,25.138824,12.073883,1.4579468,1.2952728,4.529953e-05,2.51968e+06,-0.00023251958,44.131134
2023-06-11 12:00:00,26.587555,11.789703,1.9347382,0.108062744,0.0,2.64992e+06,-0.00022196374,39.750305
2023-06-12 12:00:00,27.4086,12.116913,1.9363861,2.286728,1.2874603e-05,2.712192e+06,-0.00021804706,38.704002
2023-06-13 12:00:00,24.05191,9.250641,4.245453,-3.0387573,0.0,2.245504e+06,-0.00014933245,39.027603
2023-06-14 12:00:00,28.384918,12.250153,0.4551239,-2.2621918,0.0,3.4352e+06,-0.00023051468,36.88234
2023-06-15 12:00:00,32.786285,11.241119,-1.0920563,-1.0158386,0.0,3.425856e+06,-0.00023074681,26.824575
2023-06-16 12:00:00,35.556793,13.041901,1.055069,0.53208923,0.0,3.180992e+06,-0.00018530781,25.876654
2023-06-17 12:00:00,33.52774,13.163727,2.7866516,0.47714233,0.0,3.310912e+06,-0.0001686574,29.197947
2023-06-18 12:00:00,29.792877,8.354889,2.355667,-0.40289307,0.0,3.443456e+06,-0.00014289771,26.214224
2023-06-19 12:00:00,28.425201,13.808014,2.8578186,2.2585297,0.0,3.33184e+06,-0.0001214128,40.738026
2023-06-20 12:00:00,25.1586,13.032135,2.6388702,0.5220337,0.0,2.663552e+06,-0.000105249695,46.937702
2023-06-21 12:00:00,27.051178,11.807526,2.4405975,0.8480835,9.536743e-07,2.476416e+06,-0.00011705374,38.726433
2023-06-22 12:00:00,28.373688,11.52652,0.5254059,-0.835907,0.0,3.459072e+06,-0.00016961899,35.187428
2023-06-23 12:00:00,35.14908,11.73111,-1.2631683,-0.14611816,0.0,3.433664e+06,-0.00016998663,24.283905
2023-06-24 12:00:00,36.18985,13.006256,-0.4494171,-0.8226929,0.0,3.427136e+06,-0.00013973634,24.932041
2023-06-25 12:00:00,38.290924,16.33609,1.2375183,0.94744873,2.0980835e-05,3.378624e+06,-0.00012724218,27.559793
2023-06-26 12:00:00,38.14688,10.938232,2.672699,-0.8655243,0.0,3.471296e+06,-0.00013300101,19.553652
2023-06-27 12:00:00,34.26187,14.211334,0.20674133,-0.7260437,0.0,3.457408e+06,-0.00011896831,29.99952
2023-06-28 12:00:00,36.04898,13.808502,0.6876526,-1.470871,0.0,3.417152e+06,-0.00015322096,26.473675
2023-06-29 12:00:00,33.66446,10.425446,4.40329,-2.4694366,0.0,3.477376e+06,-0.00014028023,24.187105
2023-06-30 12:00:00,31.9003,12.31778,-1.9577789,-3.2788544,0.0,3.424704e+06,-0.00014782976,30.277056
2023-07-01 12:00:00,34.2753,10.469147,-1.7428131,-0.34649658,0.0,3.425984e+06,-0.00016835146,23.444452
2023-07-02 12:00:00,35.05069,14.338287,1.2612,0.27233887,0.0,3.178432e+06,-0.00013356912,28.950209
2023-07-03 12:00:00,34.880768,14.197418,3.721817,0.8181305,0.0,3.400704e+06,-0.00012837816,28.958998
2023-07-04 12:00:00,31.73233,7.3533936,2.3250275,-1.7016449,0.0,3.536384e+06,-0.000132591,21.918499
2023-07-05 12:00:00,32.14615,14.245026,1.7689362,0.05770874,0.0,3.370816e+06,-0.0001448649,33.856335
2023-07-06 12:00:00,30.888092,9.513336,1.9755402,-0.0382843,0.0,3.453312e+06,-0.00015196623,26.620647
2023-07-07 12:00:00,31.827301,11.377838,2.6859283,1.5540619,0.0,3.4192e+06,-0.00013962318,28.575615
2023-07-08 12:00:00,28.895905,10.179382,1.7454987,-0.64527893,0.0,3.451776e+06,-0.00013524597,31.213804
2023-07-09 12:00:00,30.252106,6.962433,0.13272095,-1.5843506,0.0,3.454336e+06,-0.00014289445,23.220032
2023-07-10 12:00:00,36.576324,9.677399,-0.44374084,-0.31021118,0.0,3.427584e+06,-0.00015741028,19.581446
2023-07-11 12:00:00,33.576813,10.451324,3.331726,0.06387329,0.0,3.46432e+06,-0.00012679049,24.348011
2023-07-12 12:00:00,31.241608,10.044342,2.2842102,-1.6569977,0.0,3.46912e+06,-0.0001250084,27.034637
2023-07-13 12:00:00,33.257965,10.945709,1.6117706,-1.7804871,0.0,3.392256e+06,-0.00012562424,25.615898
2023-07-14 12:00:00,32.687653,11.092926,2.8755798,0.112213135,0.0,3.436608e+06,-0.000109447865,26.710335
2023-07-15 12:00:00,27.390045,10.361237,2.3985138,-2.6409912,0.0,3.45312e+06,-9.584217e-05,34.491566
2023-07-16 12:00:00,"28569,000",8.8402405,1.0030365,-1.6576691,0.0,3.47712e+06,-0.00011817645,29.075089
2023-07-17 12:00:00,35.254547,9.6041565,0.7677765,1.477005,0.0,3.395648e+06,-0.0001301656,20.956093
2023-07-18 12:00:00,33.57022,13.835846,1.6862335,-0.20440674,0.0,3.188224e+06,-9.8936725e-05,30.431139
2023-07-19 12:00:00,34.72574,10.307037,2.0508423,0.36930847,0.0,3.361792e+06,-0.00012384122,22.618607
2023-07-20 12:00:00,29.980621,10.953766,3.3250427,-0.5504303,0.0,3.46208e+06,-9.833579e-05,30.872076
2023-07-21 12:00:00,27.87149,10.544586,3.2154083,-1.8541718,0.0,3.355392e+06,-9.7603304e-05,33.946564
2023-07-22 12:00:00,28.11734,10.875397,0.80607605,-0.13096619,0.0,3.432128e+06,-0.00011946098,34.207996
2023-07-23 12:00:00,31.735748,11.287994,2.4985504,0.13339233,0.0,3.416768e+06,-0.00012398395,28.554035
2023-07-24 12:00:00,27.953278,14.166168,3.249817,-2.4435272,0.0,3.259968e+06,-9.3750656e-05,42.856796
2023-07-25 12:00:00,28.071442,11.481598,1.7779541,-1.3181152,0.0,3.406848e+06,-0.00011340552,35.70583
2023-07-26 12:00:00,32.921295,9.220856,-0.48564148,0.19522095,0.0,3.40864e+06,-0.00013346784,23.261703
2023-07-27 12:00:00,27.449127,14.202545,3.3789825,0.7077637,0.0,3.38112e+06,-0.0001023442,44.2423
2023-07-28 12:00:00,29.415436,10.61441,1.2238922,-1.084137,0.0,3.407936e+06,-0.00012606196,31.181843
2023-07-29 12:00:00,32.271637,16.415924,2.170868,-1.7702179,0.0,3.332288e+06,-0.00012138742,38.64188
2023-07-30 12:00:00,33.014313,13.048004,1.8872833,-0.9983063,0.0,3.327872e+06,-0.00012667663,29.825089
2023-07-31 12:00:00,30.369293,13.424225,2.7511292,-1.1571045,0.0,3.380224e+06,-0.00011622952,35.516727
2023-08-01 12:00:00,31.33194,12.170807,1.4096069,-2.9636688,0.0,3.404608e+06,-0.00011761789,30.969528
2023-08-02 12:00:00,30.554596,15.254303,2.67836,-3.2262115,0.0,3.34336e+06,-0.00011585234,39.556633
2023-08-03 12:00:00,28.60611,9.861969,1.66362,-3.162445,0.0,3.37696e+06,-0.000110079534,31.075924
2023-08-04 12:00:00,30.933746,7.438141,-2.8256989,-2.9096832,0.0,3.3888e+06,-0.0001207164,23.070618
2023-08-05 12:00:00,33.921783,5.0055237,-3.4069061,-2.7980347,0.0,3.367808e+06,-0.00012068846,16.480232
2023-08-06 12:00:00,38.84317,5.9234924,-0.33441162,-1.7154083,0.0,3.355008e+06,-0.0001161322,13.407453
2023-08-07 12:00:00,38.519928,8.871948,-0.06945801,-0.056350708,0.0,3.320128e+06,-0.00010306854,16.687117
2023-08-08 12:00:00,36.112457,15.747467,-0.29803467,2.317276,0.0,3.174272e+06,-7.769442e-05,29.892769
2023-08-09 12:00:00,32.75772,19.245514,1.3274536,0.8325348,0.0,3.098368e+06,-7.925602e-05,44.926426
2023-08-10 12:00:00,33.069733,9.319733,1.8921814,-1.555954,0.0,3.354624e+06,-0.00010713423,23.22239
2023-08-11 12:00:00,36.57364,12.463776,1.015564,-1.3187714,0.0,3.330112e+06,-0.00011688005,23.560642
2023-08-12 12:00:00,35.269928,12.758942,2.1027527,-1.9097595,0.0,3.300288e+06,-0.00010275934,25.808037
2023-08-13 12:00:00,29.955963,10.205475,2.4951935,0.049041748,0.0,3.29792e+06,-9.435578e-05,"29413,000"
2023-08-14 12:00:00,29.677887,7.87027,2.3760376,0.052139282,0.0,3.30528e+06,-9.9664554e-05,25.534021
2023-08-15 12:00:00,31.057526,7.604248,1.8771973,0.039413452,0.0,3.227328e+06,-0.00010411115,23.169413
2023-08-16 12:00:00,29.723053,12.187653,2.4261475,0.44610596,0.0,3.248832e+06,-0.00010684109,33.994553
2023-08-17 12:00:00,30.123688,9.349579,2.2647552,0.3316803,0.0,3.292672e+06,-0.00011549983,27.507034
2023-08-18 12:00:00,29.702057,13.955109,1.9229279,-0.22259521,0.0,3.125184e+06,-0.00011043367,38.199986
2023-08-19 12:00:00,32.41568,16.476227,1.5383301,-0.9512024,0.0,3.166912e+06,-0.000117582036,38.476078
2023-08-20 12:00:00,35.47159,15.5399475,0.8199463,-1.2291565,0.0,3.139968e+06,-0.0001231886,30.55847
2023-08-21 12:00:00,38.417633,11.447662,0.8312683,-1.2475128,0.0,3.187584e+06,-0.0001138309,19.93087
2023-08-22 12:00:00,37.576813,11.619049,0.21984863,0.047454834,0.0,3.138944e+06,-0.00010660547,21.098455
2023-08-23 12:00:00,38.791656,11.577545,-0.9682617,-0.3184204,0.0,3.143872e+06,-9.5858704e-05,19.700779
2023-08-24 12:00:00,37.03189,13.080475,1.8989258,-0.42282104,0.0,3.141056e+06,-8.647097e-05,23.923939
2023-08-25 12:00:00,36.50186,7.7794495,1.4832306,-1.4795685,0.0,2.892608e+06,-8.545024e-05,17.294735
2023-08-26 12:00:00,29.382233,9.838043,2.514206,-0.48568726,3.8146973e-06,2.860736e+06,-7.410045e-05,29.663149
2023-08-27 12:00:00,25.810211,5.8944397,1.4366608,-4.763855,0.0,3.20448e+06,-7.383176e-05,27.951431
2023-08-28 12:00:00,28.55655,7.8541565,0.06796265,-3.4032288,0.0,3.16576e+06,-9.318651e-05,27.214903
2023-08-29 12:00:00,29.61856,10.391266,1.0866241,-3.4316254,0.0,3.131712e+06,-8.225604e-05,30.363884
2023-08-30 12:00:00,30.47403,10.438873,-1.1240387,-2.6352844,0.0,3.10528e+06,-8.2825776e-05,28.999863
2023-08-31 12:00:00,32.92325,9.156647,1.1763763,1.613617,0.0,3.13184e+06,-9.307079e-05,23.158812
2023-09-01 12:00:00,30.277496,12.613434,2.5668793,1.9128113,0.0,3.072704e+06,-7.4294396e-05,33.86206
2023-09-02 12:00:00,25.30484,12.578766,2.5750427,1.2779083,4.7683716e-06,2.520256e+06,-0.00010191905,45.170677
2023-09-03 12:00:00,19.464752,15.141998,-2.0090027,1.6065369,0.0015878677,1.70944e+06,-0.00033231918,76.092926
2023-09-04 12:00:00,23.94107,12.795807,0.29338074,6.4560394,2.670288e-05,2.564544e+06,-0.00020251842,49.709953
2023-09-05 12:00:00,25.19278,13.634186,0.6980133,2.6091614,0.0,2.127744e+06,-0.00016616541,48.716743
2023-09-06 12:00:00,28.455963,14.40567,0.17723083,1.3998871,0.0,2.686848e+06,-0.00020852825,42.270554
2023-09-07 12:00:00,29.121002,15.602203,0.12530518,4.094742,2.3841858e-06,2.3232e+06,-0.00016664201,43.92622
2023-09-08 12:00:00,28.765045,14.100739,0.58102417,3.7616577,0.0,2.609216e+06,-0.00017196126,40.70773
2023-09-09 12:00:00,24.480621,17.319244,1.9275055,2.8418427,2.7656555e-05,1.97568e+06,-0.00011838833,64.37619
2023-09-10 12:00:00,26.846832,15.161957,0.9186249,2.4580536,1.4305115e-06,2.261952e+06,-0.00013948488,48.75935
2023-09-11 12:00:00,24.9086,13.5961,2.337906,0.9257355,1.2397766e-05,2.866624e+06,-0.00015180628,49.42633
2023-09-12 12:00:00,26.263336,13.895905,1.5071716,-0.82785034,4.7683716e-07,2.730624e+06,-0.00014030072,46.504017
2023-09-13 12:00:00,29.69571,12.139374,-1.370163,-1.0795746,0.0,2.453952e+06,-0.00013209716,33.94018
2023-09-14 12:00:00,29.435211,14.710144,0.7585144,-0.59866333,8.010864e-05,2.139904e+06,-0.00012539164,40.733154
2023-09-15 12:00:00,26.954254,"17832,000",1.7452087,3.3410034,7.343292e-05,1.933184e+06,-8.9590205e-05,57.419395
2023-09-16 12:00:00,22.4086,15.606354,1.0772247,3.884842,5.2452087e-05,1.029056e+06,-8.5737556e-05,65.416405
2023-09-17 12:00:00,23.334381,10.886078,4.7848053,5.446106,0.0,2.544576e+06,-0.00014714431,45.459576
2023-09-18 12:00:00,21.739655,13.213257,1.4072113,0.39346313,0.00014400482,1.970752e+06,-0.00017160783,58.374416
2023-09-19 12:00:00,24.417633,12.094635,-0.42071533,-1.4739227,6.2942505e-05,2.007296e+06,-0.00015208754,46.13637
2023-09-20 12:00:00,24.271637,9.948639,3.0598755,0.32582092,0.0,2.869632e+06,-0.00015250035,40.363697
2023-09-21 12:00:00,20.141022,17.648346,5.206955,3.262558,0.0006008148,585664.0,-0.0001556864,85.58749
2023-09-22 12:00:00,21.274078,9.414703,1.5436249,-2.8114166,0.0,2.775232e+06,-0.00014704955,46.705135
2023-09-23 12:00:00,24.700104,7.08255,-1.4069061,-1.6919556,0.0,2.859648e+06,-0.00016182824,32.40355
2023-09-24 12:00:00,29.396149,7.7863464,-0.65075684,-0.14204407,0.0,2.839616e+06,-0.00015427428,25.80435
2023-09-25 12:00:00,30.601715,9.8750305,-0.23504639,-0.42300415,0.0,2.79008e+06,-0.000115342904,27.724287
2023-09-26 12:00:00,29.31607,12.363586,1.4903564,0.2843933,0.0,2.655488e+06,-7.2733965e-05,35.206432
2023-09-27 12:00:00,29.681305,12.523163,1.5808411,-0.16578674,0.0,2.733248e+06,-5.4439763e-05,34.835545
2023-09-28 12:00:00,30.882477,11.854462,0.060333252,-1.4204407,0.0,2.725952e+06,-4.4117216e-05,31.118113
2023-09-29 12:00:00,33.89908,9.622467,-1.6933899,-1.3733063,0.0,2.722176e+06,-3.189058e-05,22.623638
2023-09-30 12:00:00,33.761627,10.649567,-0.59835815,1.0321045,0.0,2.698176e+06,-2.0537991e-05,24.417883
2023-10-01 12:00:00,34.00357,8.548431,-1.0818024,0.35047913,0.0,2.699456e+06,-1.9605272e-05,20.921667
2023-10-02 12:00:00,32.2211,9.952545,1.1122589,-0.24165344,0.0,2.670976e+06,-1.8193386e-05,25.416643
2023-10-03 12:00:00,31.876617,12.99118,0.74638367,-0.24855042,0.0,2.629632e+06,-1.6860664e-05,31.68529
2023-10-04 12:00:00,31.552399,12.200348,0.7145691,-0.16017151,0.0,2.605504e+06,-1.8759863e-05,30.643236
2023-10-05 12:00:00,32.00772,11.412018,-1.2384338,-1.2961121,0.0,2.6064e+06,-1.6588485e-05,28.349028
2023-10-06 12:00:00,33.117584,10.59317,-1.5272675,1.2243652,0.0,2.381568e+06,-1.5003374e-05,25.220373
2023-10-07 12:00:00,33.129303,5.5225525,-1.3418579,1.2677002,0.0,2.452864e+06,-1.7152634e-05,17.858234
2023-10-08 12:00:00,32.10074,10.576416,-0.7160797,-1.6481171,0.0,2.54272e+06,-2.2043241e-05,26.678616
2023-10-09 12:00:00,30.928864,8.504456,-0.13380432,-0.8883209,0.0,2.573184e+06,-2.0361738e-05,24.81215
2023-10-10 12:00:00,29.853668,9.466827,-0.42015076,-0.5851288,0.0,2.55136e+06,-1.7416198e-05,28.158205
2023-10-11 12:00:00,29.839996,10.830109,0.51786804,-0.20970154,0.0,2.52736e+06,-1.921691e-05,30.868092
2023-10-12 12:00:00,30.629791,9.109161,0.06362915,0.97436523,0.0,2.489472e+06,-2.4787383e-05,26.291859
2023-10-13 12:00:00,26.497223,10.346924,1.358078,1.308609,0.0,1.498624e+06,-1.632492e-05,36.31491
2023-10-14 12:00:00,23.29654,15.576965,2.1105804,-0.19615173,1.4305115e-05,1.60256e+06,-4.3701613e-05,61.873478
2023-10-15 12:00:00,24.754059,13.517242,1.6649933,3.099762,0.0,2.235648e+06,-2.4300767e-05,49.62916
2023-10-16 12:00:00,24.03189,15.340942,1.869812,3.6111298,0.0,1.358528e+06,-3.8121827e-05,58.304413
2023-10-17 12:00:00,23.050201,18.205322,1.9731293,7.4609985,8.4877014e-05,1.524352e+06,-0.00014811661,74.18957
2023-10-18 12:00:00,21.666107,15.5989685,5.33403,3.6699524,0.00017499924,1.610048e+06,-0.00014348328,68.4131
2023-10-19 12:00:00,19.184479,18.212769,6.062561,8.048218,0.0010466576,249920.0,-0.00016111508,94.10503
2023-10-20 12:00:00,17.979095,9.4062195,5.4161987,-1.6468048,1.6212463e-05,1.598464e+06,-0.00014211633,57.275105
2023-10-21 12:00:00,18.709229,8.425354,0.7117157,1.5548706,7.534027e-05,2.095616e+06,-0.00017312821,51.208324
2023-10-22 12:00:00,14.366364,11.51059,-3.1030273,-0.9549408,0.0016322136,457984.0,-0.00014696922,82.96951
2023-10-23 12:00:00,16.326324,11.839325,2.0944366,1.7434998,0.00023508072,1.59104e+06,-0.00017832196,74.77052
2023-10-24 12:00:00,17.091705,11.267303,3.4371033,4.311554,6.198883e-05,1.129216e+06,-0.0001379447,68.58181
2023-10-25 12:00:00,20.133942,15.032715,4.3326263,0.8210449,1.9550323e-05,1.348096e+06,-0.00017827842,72.48914
2023-10-26 12:00:00,20.311188,17.007477,6.6893463,4.7472534,0.00021600723,1.118272e+06,-0.0002182636,81.33099
2023-10-27 12:00:00,18.496796,12.038971,5.3140717,1.1824188,0.00024986267,1.225152e+06,-0.00018481747,66.05689
2023-10-28 12:00:00,19.328278,13.25058,3.5104523,4.052307,0.00020122528,1.619648e+06,-0.00020701485,67.897545
2023-10-29 12:00:00,18.65445,15.977722,1.870758,5.6279297,9.441376e-05,776320.0,-0.00012032129,84.43774
2023-10-30 12:00:00,17.448792,9.152679,3.6888733,0.6078491,0.0,1.98272e+06,-0.00020739506,58.219273
2023-10-31 12:00:00,15.572052,10.600891,-1.1374207,1.1790161,1.04904175e-05,764352.0,-7.903599e-05,72.279045
2023-11-01 12:00:00,19.325287,14.79837,5.121292,3.4458008,9.250641e-05,1.062336e+06,-0.00013434654,75.07727
2023-11-02 12:00:00,17.44577,14.294281,7.2827606,0.6778259,9.727478e-05,661760.0,-0.00019486668,81.75924
2023-11-03 12:00:00,14.982574,10.081238,5.671295,-0.5288086,5.7697296e-05,660480.0,-0.00010261079,72.50853
2023-11-04 12:00:00,18.79068,13.778564,5.6003876,5.694565,2.861023e-05,837696.0,-0.00012685545,72.666725
2023-11-05 12:00:00,16.625305,8.576141,3.3373413,0.57458496,2.861023e-06,1.525248e+06,-0.00016086944,58.994736
2023-11-06 12:00:00,15.2464905,6.3317566,2.7072906,-1.7536926,3.4332275e-05,1.618112e+06,-0.00015372992,55.27335
2023-11-07 12:00:00,15.27063,8.240753,3.7658844,-0.8722534,9.536743e-07,1.756544e+06,-0.00014417479,62.880714
2023-11-08 12:00:00,16.072968,8.4635315,0.6148987,1.0361786,0.0,1.79072e+06,-0.00015471433,60.642166
2023-11-09 12:00:00,16.215485,8.645905,2.291687,-1.2113647,0.0,1.906688e+06,-0.0001835057,60.8398
2023-11-10 12:00:00,16.982391,10.446716,2.939865,-0.050872803,0.0,1.787392e+06,-0.00015451014,65.393456
2023-11-11 12:00:00,19.09024,13.728485,3.3614197,-0.6960907,2.4795532e-05,938624.0,-0.0001447862,71.0891
2023-11-12 12:00:00,18.97226,16.05304,2.9754486,0.8260498,0.00012254715,612032.0,-6.0062855e-05,83.17671
2023-11-13 12:00:00,19.582489,14.540344,-0.25698853,-0.7872467,4.7683716e-07,1.245184e+06,-0.000121075194,72.66691
2023-11-14 12:00:00,21.036072,13.369507,0.68930054,-0.7801361,0.0,1.966528e+06,-0.00018523936,61.569534
2023-11-15 12:00:00,19.525238,13.218658,-1.1977539,-1.962265,0.0,1.936384e+06,-0.00017645769,66.931564
2023-11-16 12:00:00,18.935822,14.720734,-0.370636,-1.3832397,0.0,1.711616e+06,-0.00014711241,76.53791
2023-11-17 12:00:00,18.407501,15.182648,-1.7504272,-1.9985657,0.0,1.853952e+06,-0.00015826384,81.496086
2023-11-18 12:00:00,19.063934,14.571106,-0.9549713,-1.0606232,0.0,1.851072e+06,-0.00016718707,75.19928
2023-11-19 12:00:00,20.794128,11.680634,-0.16192627,-0.37698364,0.0,1.866624e+06,-0.00017505046,55.93981
2023-11-20 12:00:00,19.465118,13.223267,1.1072845,-1.0184631,0.0,1.884288e+06,-0.00016009714,67.20232
2023-11-21 12:00:00,15.406586,6.2356567,0.18521118,-3.525299,0.0,1.895744e+06,-0.00015876559,54.347324
2023-11-22 12:00:00,15.19455,4.136444,-1.8354797,-3.2908173,0.0,1.861056e+06,-0.00014598388,"47611,000"
2023-11-23 12:00:00,14.650177,3.3308105,-3.3497925,-1.3407898,0.0,1.85248e+06,-0.00014698133,46.592365
2023-11-24 12:00:00,14.413971,3.196869,0.34294128,-1.0478516,0.0,1.869888e+06,-0.0001419615,46.86308
2023-11-25 12:00:00,14.314667,5.3370056,-1.2302399,-0.37503052,0.0,1.84608e+06,-0.00013105292,54.791992
2023-11-26 12:00:00,13.930176,8.376221,1.0496216,0.15985107,0.0,1.615424e+06,-0.00010538241,69.19497
2023-11-27 12:00:00,11.364471,9.217438,1.8356781,-0.48744202,9.536743e-07,689408.0,-4.5551686e-05,86.64852
2023-11-28 12:00:00,14.120148,12.392181,2.4460297,2.4202423,6.67572e-05,259648.0,-4.6920264e-05,89.343285
2023-11-29 12:00:00,17.59195,14.978607,4.2198944,2.4091797,3.1471252e-05,1.140096e+06,-0.00016955077,84.6652
2023-11-30 12:00:00,17.120392,16.379059,3.997879,6.2551727,0.0004310608,125760.0,-1.8261373e-05,95.40377
2023-12-01 12:00:00,12.852905,6.556427,4.281662,-0.55755615,9.536743e-06,1.621184e+06,-0.00016059983,65.55456
2023-12-02 12:00:00,12.348846,8.041046,1.6943512,-0.044006348,4.2915344e-06,1.621184e+06,-0.00012238463,74.993355
2023-12-03 12:00:00,11.2534485,8.090118,1.2301178,2.41008,0.0,1.450624e+06,-0.0001242233,80.881386
2023-12-04 12:00:00,13.465668,10.80069,1.3206635,-1.597229,0.0,1.140096e+06,-0.00014658761,83.91849
2023-12-05 12:00:00,9.9739685,7.8648376,-2.3489685,-0.3555603,4.2915344e-06,352448.0,-3.1811884e-05,86.73462
2023-12-06 12:00:00,12.735931,10.2777405,-0.51168823,-1.0689392,1.7642975e-05,868224.0,-8.790963e-05,85.00021
2023-12-07 12:00:00,13.752014,11.534058,1.4694214,3.385666,0.0001296997,818048.0,-0.00011942256,86.47341
2023-12-08 12:00:00,14.903717,9.699921,3.3921661,-2.124771,0.0,1.292672e+06,-0.00015479769,71.0403
2023-12-09 12:00:00,15.846741,12.980316,1.7654572,2.2013702,3.8146973e-06,951232.0,-9.0977876e-05,83.08948
2023-12-10 12:00:00,15.718872,12.341278,-1.0512543,-0.30770874,1.9073486e-06,1.040896e+06,-0.00011712336,80.33681
2023-12-11 12:00:00,16.80832,10.8471985,0.018722534,0.41732788,0.0,1.34976e+06,-0.00012727291,67.9053
2023-12-12 12:00:00,16.570282,14.346863,3.8263397,2.9932709,0.00010251999,547392.0,-7.546763e-05,86.71578
2023-12-13 12:00:00,13.906982,6.70755,2.9324036,-3.5951538,9.536743e-07,1.633216e+06,-0.00016787904,61.842815
2023-12-14 12:00:00,11.3750305,4.9996033,-1.5802612,-2.559784,0.0,1.65376e+06,-0.0001232007,64.87128
2023-12-15 12:00:00,13.654633,4.35318,-4.4387665,-2.63797,0.0,1.630464e+06,-0.00014407584,53.39717
2023-12-16 12:00:00,13.778839,5.6734314,-2.8760223,-1.4904633,0.0,1.692224e+06,-0.00013813423,58.067154
2023-12-17 12:00:00,12.570099,5.021332,-0.76782227,-0.9712982,0.0,1.681152e+06,-0.0001299472,60.051273
2023-12-18 12:00:00,11.5052185,4.6582336,-0.7284241,-1.0232697,0.0,1.673536e+06,-0.0001267828,62.802387
2023-12-19 12:00:00,11.111176,4.7923584,-0.17478943,-0.84310913,0.0,1.660352e+06,-0.000118797645,65.06868
2023-12-20 12:00:00,10.662842,8.188263,-1.842804,-3.161087,0.00018882751,734592.0,-9.426242e-05,84.678505
2023-12-21 12:00:00,11.939667,4.509247,-1.216507,-1.565445,0.0,1.614016e+06,-0.00012274622,60.395336
2023-12-22 12:00:00,13.6718445,6.842926,-1.3890686,-1.5827789,0.0,1.627584e+06,-0.000122067984,63.380615
2023-12-23 12:00:00,12.989319,5.40506,-1.807724,-1.1862793,0.0,1.64736e+06,-0.00013009063,60.005127
2023-12-24 12:00:00,11.833252,6.5812073,0.26766968,0.10908508,0.0,1.63456e+06,-0.0001137855,70.214584
2023-12-25 12:00:00,9.671661,7.0189514,0.05305481,-0.34675598,0.0,1.482688e+06,-9.635091e-05,83.54237
2023-12-26 12:00:00,5.4322205,4.368744,-1.1075287,-1.5910187,0.0,1.047552e+06,-7.077842e-05,92.85751
2023-12-27 12:00:00,6.183197,3.2600403,-0.14976501,-1.0191803,0.0,1.461888e+06,-0.000105230836,81.54715
2023-12-28 12:00:00,10.338348,5.2302856,-1.4611511,-0.7768097,0.0,1.556352e+06,-0.000111457426,70.621796
2023-12-29 12:00:00,11.345856,7.5769043,-0.5090027,0.12820435,0.0,1.23392e+06,-0.000103731174,77.62853
2023-12-30 12:00:00,10.86618,7.2847595,-0.42286682,0.04083252,0.0,1.30624e+06,-8.992106e-05,78.55501
2023-12-31 12:00:00,12.050659,10.155243,2.703598,1.1394653,0.0,799360.0,-0.00010368624,88.18726
